<?xml version="1.0" encoding="UTF-8"?>
<publication>
   <publication-name>Fonto Map</publication-name>
   <product-name>VMware vSphere, , </product-name>
   <publication-cms-title>Fonto Publication</publication-cms-title>
   <product-version>6.0, , </product-version>
   <publication-version>1</publication-version>
   <publication-version-comments>Version created through automation</publication-version-comments>
   <language>en</language>
   <publication-guid>GUID-2568B801-7AD6-4B36-80BF-EC8537DB1689</publication-guid>
   <publication-milestone>GA</publication-milestone>
   <publication-keywords></publication-keywords>
   <publication-output-type>HTML5</publication-output-type>
   <publication-date>22/08/2022 01:03:05</publication-date>
   <batch-processing-instruction></batch-processing-instruction>
   <publication-outputformat>VOUTPUTFORMATPRODUCTDOCHTML5FORCDF</publication-outputformat>
   <output-file-name>FontoPublication</output-file-name>
   <publication-author>jsehgal@vmware.com</publication-author>
   <target>stage</target>
   <content-source>publication</content-source>
   <pdflink>FontoPDFPublication</pdflink>
   <wordlink>FontoPDFPublication</wordlink>
   <source-system>VMware CMS TDX13.2.0 (TDX-PRD-PUB-1.vmware.com)</source-system>
   <topics>
      <topic>
         <type>task</type>
         <subject></subject>
         <title>VersionReleasedTopic</title>
         <abstract></abstract>
         <description></description>
         <keywords></keywords>
         <guid>GUID-DB1794DD-24E4-4113-A9D3-44FC97ED392D</guid>
         <format>HTML5</format>
         <language>en</language>
         <last-modified>16/08/2022 00:30:56</last-modified>
         <author>jsehgal</author>
         <product>VMware vSphere 6.0,  ,  </product>
         <machine-translated>no</machine-translated>
         <edit-review-id>GUID-DB1794DD-24E4-4113-A9D3-44FC97ED392D</edit-review-id>
      </topic>
      <topic>
         <type>concept</type>
         <subject></subject>
         <title>Simple Topic 1</title>
         <abstract></abstract>
         <description>Topic 1 editable</description>
         <keywords>, , </keywords>
         <guid>GUID-A67D275F-FA68-4A45-9B57-38AA51C03326</guid>
         <format>HTML5</format>
         <language>en</language>
         <last-modified>19/09/2020 06:52:59</last-modified>
         <author>Admin</author>
         <product>VMware vSphere 6.0,  ,  </product>
         <machine-translated>no</machine-translated>
         <edit-review-id>GUID-A67D275F-FA68-4A45-9B57-38AA51C03326</edit-review-id>
      </topic>
      <topic>
         <type>task</type>
         <subject></subject>
         <title>ReadOnlyTopic</title>
         <abstract></abstract>
         <description></description>
         <keywords></keywords>
         <guid>GUID-23473D61-F761-47E5-A848-6CF48E759D0D</guid>
         <format>HTML5</format>
         <language>en</language>
         <last-modified>27/04/2022 02:15:03</last-modified>
         <author>Admin</author>
         <product>VMware vSphere 6.0,  ,  </product>
         <machine-translated>no</machine-translated>
         <edit-review-id>GUID-23473D61-F761-47E5-A848-6CF48E759D0D</edit-review-id>
      </topic>
      <topic>
         <type>task</type>
         <subject></subject>
         <title>NewFontoTask</title>
         <abstract></abstract>
         <description></description>
         <keywords>, , </keywords>
         <guid>GUID-05E27FBF-1309-48E1-B2E1-3DF1BB0C96B3</guid>
         <format>HTML5</format>
         <language>en</language>
         <last-modified>24/10/2020 07:23:09</last-modified>
         <author>madank</author>
         <product>VMware vSphere 6.0,  ,  </product>
         <machine-translated>no</machine-translated>
         <edit-review-id>GUID-05E27FBF-1309-48E1-B2E1-3DF1BB0C96B3</edit-review-id>
      </topic>
      <topic>
         <type>concept</type>
         <subject></subject>
         <title>NewFontoConcept</title>
         <abstract></abstract>
         <description></description>
         <keywords>, , </keywords>
         <guid>GUID-FD03BA38-9B59-4FF6-A116-348CC3D4562D</guid>
         <format>HTML5</format>
         <language>en</language>
         <last-modified>26/07/2020 03:03:08</last-modified>
         <author>madank</author>
         <product>VMware vSphere 6.0,  ,  </product>
         <machine-translated>no</machine-translated>
         <edit-review-id>GUID-FD03BA38-9B59-4FF6-A116-348CC3D4562D</edit-review-id>
      </topic>
      <topic>
         <type>reference</type>
         <subject></subject>
         <title>NewFontoReference</title>
         <abstract></abstract>
         <description></description>
         <keywords></keywords>
         <guid>GUID-352B65CB-1E15-4E3B-96F9-E06B40034837</guid>
         <format>HTML5</format>
         <language>en</language>
         <last-modified>08/06/2022 05:17:13</last-modified>
         <author>madank</author>
         <product>VMware vSphere 6.0,  ,  </product>
         <machine-translated>no</machine-translated>
         <edit-review-id>GUID-352B65CB-1E15-4E3B-96F9-E06B40034837</edit-review-id>
      </topic>
      <topic>
         <type>troubleshooting</type>
         <subject></subject>
         <title>NewFontoTroubleshooting</title>
         <abstract></abstract>
         <description></description>
         <keywords>, , </keywords>
         <guid>GUID-46A7A773-E243-476A-88EC-39C9F7BBEF4C</guid>
         <format>HTML5</format>
         <language>en</language>
         <last-modified>24/10/2020 07:23:53</last-modified>
         <author>madank</author>
         <product>VMware vSphere 6.0,  ,  </product>
         <machine-translated>no</machine-translated>
         <edit-review-id>GUID-46A7A773-E243-476A-88EC-39C9F7BBEF4C</edit-review-id>
      </topic>
      <topic>
         <type>troubleshooting</type>
         <subject></subject>
         <title>ExistingTroubleshootingTopic</title>
         <abstract></abstract>
         <description></description>
         <keywords></keywords>
         <guid>GUID-1710C6FC-5281-4F14-9FFB-0CC891CA78C9</guid>
         <format>HTML5</format>
         <language>en</language>
         <last-modified>19/10/2020 00:53:34</last-modified>
         <author>madank</author>
         <product>VMware vSphere 6.0,  ,  </product>
         <machine-translated>no</machine-translated>
         <edit-review-id>GUID-1710C6FC-5281-4F14-9FFB-0CC891CA78C9</edit-review-id>
      </topic>
      <topic>
         <type>task</type>
         <subject></subject>
         <title>ExistingTaskTopic</title>
         <abstract></abstract>
         <description></description>
         <keywords>, , </keywords>
         <guid>GUID-7BD7E4F2-1CED-4184-8305-A9B35322C0A4</guid>
         <format>HTML5</format>
         <language>en</language>
         <last-modified>26/07/2020 03:16:23</last-modified>
         <author>madank</author>
         <product>VMware vSphere 6.0,  ,  </product>
         <machine-translated>no</machine-translated>
         <edit-review-id>GUID-7BD7E4F2-1CED-4184-8305-A9B35322C0A4</edit-review-id>
      </topic>
      <topic>
         <type>concept</type>
         <subject></subject>
         <title>ExistingConceptTopic</title>
         <abstract></abstract>
         <description></description>
         <keywords>, , </keywords>
         <guid>GUID-3B2AD049-3C3D-4344-95B1-60039E601BF7</guid>
         <format>HTML5</format>
         <language>en</language>
         <last-modified>26/07/2020 03:17:44</last-modified>
         <author>madank</author>
         <product>VMware vSphere 6.0,  ,  </product>
         <machine-translated>no</machine-translated>
         <edit-review-id>GUID-3B2AD049-3C3D-4344-95B1-60039E601BF7</edit-review-id>
      </topic>
      <topic>
         <type>reference</type>
         <subject></subject>
         <title>ExistingReferenceTopic</title>
         <abstract></abstract>
         <description></description>
         <keywords>, , </keywords>
         <guid>GUID-E5C67935-2DBC-4489-A8AC-5D3BA4469E4A</guid>
         <format>HTML5</format>
         <language>en</language>
         <last-modified>26/07/2020 03:19:11</last-modified>
         <author>madank</author>
         <product>VMware vSphere 6.0,  ,  </product>
         <machine-translated>no</machine-translated>
         <edit-review-id>GUID-E5C67935-2DBC-4489-A8AC-5D3BA4469E4A</edit-review-id>
      </topic>
      <topic>
         <type>task</type>
         <subject></subject>
         <title>authoringDITA_Task</title>
         <abstract></abstract>
         <description></description>
         <keywords>, , </keywords>
         <guid>GUID-3A3F0BD6-8ED1-48A4-ADF4-2C9E03884A37</guid>
         <format>HTML5</format>
         <language>en</language>
         <last-modified>31/08/2021 05:53:37</last-modified>
         <author>madank</author>
         <product>VMware vSphere 6.0,  ,  </product>
         <machine-translated>no</machine-translated>
         <edit-review-id>GUID-3A3F0BD6-8ED1-48A4-ADF4-2C9E03884A37</edit-review-id>
      </topic>
      <topic>
         <type>task</type>
         <subject></subject>
         <title>advanceAuthoringDITA_Task</title>
         <abstract></abstract>
         <description>This is user input</description>
         <keywords>, , </keywords>
         <guid>GUID-88D4FE5A-33F4-495C-AA6F-3CC47409171D</guid>
         <format>HTML5</format>
         <language>en</language>
         <last-modified>26/07/2020 03:26:32</last-modified>
         <author>madank</author>
         <product>VMware vSphere 6.0,  ,  </product>
         <machine-translated>no</machine-translated>
         <edit-review-id>GUID-88D4FE5A-33F4-495C-AA6F-3CC47409171D</edit-review-id>
      </topic>
      <topic>
         <type>task</type>
         <subject></subject>
         <title>TablesAndImages_Task</title>
         <abstract></abstract>
         <description></description>
         <keywords>, , </keywords>
         <guid>GUID-822E6A51-367F-4E55-B065-48BC3F5EB096</guid>
         <format>HTML5</format>
         <language>en</language>
         <last-modified>26/07/2020 03:32:50</last-modified>
         <author>madank</author>
         <product>VMware vSphere 6.0,  ,  </product>
         <machine-translated>no</machine-translated>
         <edit-review-id>GUID-822E6A51-367F-4E55-B065-48BC3F5EB096</edit-review-id>
      </topic>
      <topic>
         <type>reference</type>
         <subject></subject>
         <title>TablesAndImages_Reference</title>
         <abstract></abstract>
         <description></description>
         <keywords>, , </keywords>
         <guid>GUID-D3DAA860-7C5A-402A-96B6-E298A8F8D72D</guid>
         <format>HTML5</format>
         <language>en</language>
         <last-modified>26/07/2020 03:34:27</last-modified>
         <author>madank</author>
         <product>VMware vSphere 6.0,  ,  </product>
         <machine-translated>no</machine-translated>
         <edit-review-id>GUID-D3DAA860-7C5A-402A-96B6-E298A8F8D72D</edit-review-id>
      </topic>
      <topic>
         <type>task</type>
         <subject></subject>
         <title>ContentReuse_Task</title>
         <abstract></abstract>
         <description></description>
         <keywords></keywords>
         <guid>GUID-85840A5D-4215-4A23-952E-E734BD7DE340</guid>
         <format>HTML5</format>
         <language>en</language>
         <last-modified>08/06/2022 05:17:13</last-modified>
         <author>madank</author>
         <product>VMware vSphere 6.0,  ,  </product>
         <machine-translated>no</machine-translated>
         <edit-review-id>GUID-85840A5D-4215-4A23-952E-E734BD7DE340</edit-review-id>
      </topic>
      <topic>
         <type>task</type>
         <subject></subject>
         <title>RenamedTopic</title>
         <abstract></abstract>
         <description></description>
         <keywords>, , </keywords>
         <guid>GUID-1205DC69-3BA5-47FA-872C-8D99B9EC037C</guid>
         <format>HTML5</format>
         <language>en</language>
         <last-modified>07/11/2020 03:13:46</last-modified>
         <author>madank</author>
         <product>VMware vSphere 6.0,  ,  </product>
         <machine-translated>no</machine-translated>
         <edit-review-id>GUID-1205DC69-3BA5-47FA-872C-8D99B9EC037C</edit-review-id>
      </topic>
      <topic>
         <type>task</type>
         <subject></subject>
         <title>ExistingTaskTopic</title>
         <abstract></abstract>
         <description></description>
         <keywords>, , </keywords>
         <guid>GUID-FD50B24E-5A86-4D7A-B91C-2AEEB6AEBCB4</guid>
         <format>HTML5</format>
         <language>en</language>
         <last-modified>26/07/2020 03:47:03</last-modified>
         <author>madank</author>
         <product>VMware vSphere 6.0,  ,  </product>
         <machine-translated>no</machine-translated>
         <edit-review-id>GUID-FD50B24E-5A86-4D7A-B91C-2AEEB6AEBCB4</edit-review-id>
      </topic>
      <topic>
         <type>concept</type>
         <subject></subject>
         <title>authoringDITA_Concept</title>
         <abstract></abstract>
         <description></description>
         <keywords></keywords>
         <guid>GUID-DB63E467-9AF7-474E-804B-E251C444D43B</guid>
         <format>HTML5</format>
         <language>en</language>
         <last-modified>08/06/2022 05:17:13</last-modified>
         <author>madank</author>
         <product>VMware vSphere 6.0,  ,  </product>
         <machine-translated>no</machine-translated>
         <edit-review-id>GUID-DB63E467-9AF7-474E-804B-E251C444D43B</edit-review-id>
      </topic>
   </topics>
</publication>
