<?xml version="1.0" encoding="UTF-8"?>
<?NLS TYPE="org.html5.toc"?>
<toc label="Fonto Map"
     topic="GUID-DB1794DD-24E4-4113-A9D3-44FC97ED392D.html">
   <topic label="Simple Topic 1"
          href="GUID-A67D275F-FA68-4A45-9B57-38AA51C03326.html"/>
   <topic label="ReadOnlyTopic"
          href="GUID-23473D61-F761-47E5-A848-6CF48E759D0D.html"/>
   <topic label="NewFontoTask"
          href="GUID-05E27FBF-1309-48E1-B2E1-3DF1BB0C96B3.html"/>
   <topic label="NewFontoConcept"
          href="GUID-FD03BA38-9B59-4FF6-A116-348CC3D4562D.html"/>
   <topic label="NewFontoReference"
          href="GUID-352B65CB-1E15-4E3B-96F9-E06B40034837.html"/>
   <topic label="NewFontoTroubleshooting"
          href="GUID-46A7A773-E243-476A-88EC-39C9F7BBEF4C.html"/>
   <topic label="ExistingTroubleshootingTopic"
          href="GUID-1710C6FC-5281-4F14-9FFB-0CC891CA78C9.html"/>
   <topic label="ExistingTaskTopic"
          href="GUID-7BD7E4F2-1CED-4184-8305-A9B35322C0A4.html"/>
   <topic label="ExistingConceptTopic"
          href="GUID-3B2AD049-3C3D-4344-95B1-60039E601BF7.html"/>
   <topic label="ExistingReferenceTopic"
          href="GUID-E5C67935-2DBC-4489-A8AC-5D3BA4469E4A.html"/>
   <topic label="authoringDITA_Task"
          href="GUID-3A3F0BD6-8ED1-48A4-ADF4-2C9E03884A37.html"/>
   <topic label="advanceAuthoringDITA_Task"
          href="GUID-88D4FE5A-33F4-495C-AA6F-3CC47409171D.html"/>
   <topic label="TablesAndImages_Task"
          href="GUID-822E6A51-367F-4E55-B065-48BC3F5EB096.html"/>
   <topic label="TablesAndImages_Reference"
          href="GUID-D3DAA860-7C5A-402A-96B6-E298A8F8D72D.html"/>
   <topic label="ContentReuse_Task"
          href="GUID-85840A5D-4215-4A23-952E-E734BD7DE340.html"/>
   <topic label="RenamedTopic"
          href="GUID-1205DC69-3BA5-47FA-872C-8D99B9EC037C.html"/>
   <topic label="ExistingTaskTopic"
          href="GUID-FD50B24E-5A86-4D7A-B91C-2AEEB6AEBCB4.html"/>
   <topic label="authoringDITA_Concept"
          href="GUID-DB63E467-9AF7-474E-804B-E251C444D43B.html"/>
</toc>
